name,id,tier,rarity,base value,range,damage/second,damage/shot,emp,impact,turn rate,OPs,ammo,ammo/sec,reload size,type,energy/shot,energy/second,chargeup,chargedown,burst size,burst delay,min spread,max spread,spread/shot,spread decay/sec,beam speed,proj speed,launch speed,flight time,proj hitpoints,autofireAccBonus,extraArcForAI,hints,tags,groupTag,tech/manufacturer,for weapon tooltip>>,primaryRoleStr,speedStr,trackingStr,turnRateStr,accuracyStr,customPrimary,customPrimaryHL,customAncillary,customAncillaryHL,noDPSInTooltip,number
Hydra 7x Pod,ncd_hydra7x,3,,10,1000,,100,,10,0,2,7,0.25,1,HIGH_EXPLOSIVE,5,,0,0.2,1,,0,20,10,10,,500,100,3,40,,,SYSTEM,"no_sell, no_dealer, no_drop_salvage",,NCD Co,,Anti Armor (Fighter),Fast,None,,,,,,,,
Hydra 19x Pod,ncd_hydra19x,3,,25,1000,,100,,10,0,4,19,0.2,1,HIGH_EXPLOSIVE,5,,0,0.25,1,,0,25,10,10,,500,100,3,40,,,SYSTEM,"no_sell, no_dealer, no_drop_salvage",,NCD Co,,Anti Armor (Fighter),Fast,None,,,,,,,,
AIM-1 Sidewinder 1x,ncd_aimsidewinder1x,4,,100,1000,,150,,20,30,3,1,0.05,1,ENERGY,15,,0,1,1,,0,0,0,0,,400,100,5,100,,,"ANTI_FTR, DO_NOT_AIM, SYSTEM, DIRECT_AIM","no_sell, no_dealer, no_drop_salvage",,NCD Co,,Anti Small Craft (Fighter),Fast,Excellent,,,,,,,,
AIM-1 Sidewinder 2x,ncd_aimsidewinder2x,4,,200,1000,,150,,20,30,5,2,0.05,1,ENERGY,15,,0,1,1,,0,0,0,0,,400,100,5,100,,,"ANTI_FTR, DO_NOT_AIM, SYSTEM, DIRECT_AIM","no_sell, no_dealer, no_drop_salvage",,NCD Co,,Anti Small Craft (Fighter),Fast,Excellent,,,,,,,,
ARM-1 HARM,ncd_armharm1x,4,,350,1600,,250,2500,50,10,5,1,,,KINETIC,25,,0,1,1,,0,0,0,0,,400,100,6,300,,,"DO_NOT_AIM, SYSTEM","no_sell, no_dealer, no_drop_salvage",,NCD Co,,SEAD (Fighter),Fast,Medium,,,,,,,,
ADM-1 MALD,ncd_admmaldpod,3,,25,2000,,25,100,5,50,3,8,,,FRAGMENTATION,1,,0,0.25,1,,0,0,0,0,,250,100,12,100,,,"DO_NOT_AIM, DO_NOT_CONSERVE, SYSTEM","no_sell, no_dealer, no_drop_salvage",,NCD Co,,SEAD (Fighter),Slow,High,,,,,,,,
AGM-3 Harpoon,ncd_agmharpoon1x,4,,300,1500,,600,,150,30,5,1,,,HIGH_EXPLOSIVE,60,,0,1,1,,0,0,0,0,,350,100,7,225,,,"DO_NOT_AIM, SYSTEM","no_sell, no_dealer, no_drop_salvage",,NCD Co,,Finisher (Fighter),Fast,Medium,,,,,,,,
Medium Fighter EML,ncd_fighteremlmed,5,,1000,1000,,600,,300,0,15,,,,ENERGY,750,,0.5,4.5,,,0,0,0,0,,1500,,,500,,,SYSTEM,"no_sell, no_dealer, no_drop_salvage",,NCD Co,,Bombardment (Fighter),,,,,,,,,,
Large Fighter EML,ncd_fighteremllar,5,,2000,1000,,1500,,750,0,20,,,,ENERGY,2500,,0.5,5.5,,,0,0,0,0,,1650,,,750,,,SYSTEM,"no_sell, no_dealer, no_drop_salvage",,NCD Co,,Bombardment (Fighter),,,,,,,,,,
EW Pod,ncd_ewpod,5,,1000,1000,0,,150,0,100,3,,,,ENERGY,,10,0,1,,,0,0,0,0,10000,,,,,,,SYSTEM,"no_sell, no_dealer, no_drop_salvage",,NCD Co,,Electronic Warfare (Fighter),,,,,,,,,,
,,,,,,,,,,,,,,,,,,,,,,,,,,,,,,,,,,,,,,,,,,,,,,,,
Medium Spinal EML,ncd_spinalemlmed,5,,5000,1100,,2000,,1000,0,25,,,,ENERGY,3000,,0.5,6,,,,,,,,1650,,,1000,,,SYSTEM,"no_sell, no_dealer, no_drop_salvage, always_pierce",,NCD Co,,Bombardment,,,,,,,,,,
Large Spinal EML,ncd_spinalemllar,5,,10000,1200,,4500,,2500,0,50,,,,ENERGY,6750,,0.5,12.5,,,,,,,,1800,,,2000,,,SYSTEM,"no_sell, no_dealer, no_drop_salvage, always_pierce",,NCD Co,,Bombardment,,,,,,,,,,
,,,,,,,,,,,,,,,,,,,,,,,,,,,,,,,,,,,,,,,,,,,,,,,,
Phalanx CIWS,ncd_phalanxciws,3,0.25,500,400,,20,,1,100,5,1500,15,75,FRAGMENTATION,2,,0,0.013,,,0,8,1,8,,1600,,,10,,,PD,"pd7, merc, ind, rare_bp",,NCD Co,,Point Defense,,,,,,,,,,
Millenium CIWS,ncd_milleniumciws,3,0.25,600,500,,21,,3,100,6,,,,FRAGMENTATION,11,,0,0.3,6,0.06,0,6,1,6,,1500,,,10,,,PD,"pd7, merc, ind, rare_bp",,NCD Co,,Point Defense,,,,,,,,,,
SpaceRAM CIWS,ncd_searamciws,4,0.2,1000,1000,,150,,20,50,6,11,0.5,1,ENERGY,15,,0,0.5,,,0,11,1,11,,400,100,5,100,,,"PD, ANTI_FTR, DO_NOT_AIM, DO_NOT_CONSERVE, DIRECT_AIM","pd7, missile0, merc, ind, rare_bp",,NCD Co,,Point Defense,Fast,Excellent,,,,,,,,
LACIS CIWS,ncd_laserciws,3,0.25,750,500,300,,,0,100,6,15,0.6,3,ENERGY,,200,0,0,0.334,0,,,,,10000,,,,,,,PD,"pd9, beam6, merc, ind, rare_bp",,NCD Co,,Point Defense,,,,,,,,,,
Spaceranger RCWS,ncd_searangerrcws,3,0.25,400,400,,20,,1,50,4,200,8,10,HIGH_EXPLOSIVE,14,,0,0.06,,,0,5,1,5,,1600,,,10,,,"PD, PD_ALSO","pd6, he4, merc, ind, rare_bp",,NCD Co,,Anti Armor,,,,,,,,,,